bin,1,2,3,4,5,6,7,8,9,10,11,12,13,14,15,16,17,18,19,20,21,22,23,24
0,-0.02514461411240454,1.2607849817315406,1.3003961793491507,1.0767332068589095,0.20225379220102813,0.16878588832129449,0.3765804458777469,-0.0746891294932377,-0.2255846845705767,-0.0661332915947801,-0.034497987187943835,0.2611684429962136,0.09396962707266976,0.02812768807938504,-0.09229274392419562,0.06870139533543274,-0.3233610043981692,-0.4685065319966153,-0.3429481281535409,-0.13809548738683475,-0.5817573760386271,-0.06357186260926095,0.0271079090801285,-0.2641879446478672
1,-0.031054059810717405,1.1297318055970835,1.130031798712852,1.0678485045121402,0.2501468386236043,0.5594862805653698,0.3513987755690993,0.006263242128533797,-0.07111711867232008,0.12878795562837286,0.10285772084470056,0.19330736250726765,-0.02422671151407041,-0.0958567347318784,0.14564546184872906,-0.005719469347466699,-0.40620232151085744,-0.4578028032018766,-0.3093042536213177,-0.16614711802782536,-0.5290402473649021,0.13129173664403293,0.32119913860618965,0.14032875215180596
2,0.022618154708291986,0.7611898159336024,1.034109891518173,1.2440217334155612,0.6336649774683476,0.5906016450350426,0.4008315736547043,0.07306495482894437,0.2005051553898305,0.2336798299735703,0.19563488446070032,0.2124931896827276,0.15614599395735065,-0.1032274781005622,0.2461225815158068,0.07917974288120178,-0.3909046680640529,-0.29790900005454635,-0.3309068161321811,-0.2237037400530797,-0.3629394530516583,0.3380598780692967,0.5170276465586756,0.41688333544719214
3,0.0017765139738266102,0.7638468540088361,1.1615768867073273,1.19362142963688,0.7180675861771553,0.4534796011294908,0.3403612338802189,0.0676189587929521,0.08313665647754488,0.04527579368168677,0.19097996689293684,0.15374281218070251,0.13385101219924245,-0.2678813366544457,0.22156760205735535,-0.10750840678157214,-0.4161356293306495,-0.2297658336970949,-0.277760170157122,-0.24297670950480565,-0.1320847741892477,0.5534150789596959,0.5562684554154806,0.7423788591888183
4,-0.11388855158509248,0.7214776014655541,0.7522570103359296,0.9267012499350384,0.6465769020524146,0.2969123104063609,0.2072634426226676,-0.06849008302778259,0.049086023956285814,-0.05432112329469874,0.1531030389583039,0.19485169710463435,0.15268829640194248,-0.35282941872996965,0.0761728070507921,-0.040623933270495634,-0.3341017097610912,-0.1435493295515764,-0.2449562874170059,-0.2567436042907394,0.039336164838132966,0.8476004577969194,0.7963891874213997,1.249402612456823
5,-0.07114629237568337,0.6107406018396668,0.8022408439788036,1.0163486503503227,0.42099866072850745,0.25972115151686914,0.1094095915372062,0.10688393014446083,0.23453717900896984,-0.020722559458765662,0.1660371480339693,0.22927052535187895,0.08822138952103042,-0.3841706305553414,0.16040937940710887,-0.05890362016568052,-0.2438129548742456,-0.21044868060634855,-0.29063157602197265,-0.2020655391975641,-0.0270609451312982,0.9847344353350004,0.7144469414229038,1.7099612761961032
6,-0.09685412795746906,0.5637916921456565,0.7153365496647028,0.7614061993294392,0.32126301129251456,0.09729985764478233,0.18466463890390367,-0.0014089075016450179,0.13832679070671272,0.01184497276898977,0.24217563644797124,0.16957977101056532,0.02083361049276977,-0.4842152495532277,0.11506732378521355,0.11519514103252605,-0.15848397325330055,-0.1541083184387375,-0.27501322721986643,-0.2659566183439406,0.11054685283391663,0.9823491623811372,0.7675502993132906,2.2054692288394104
7,-0.11374327742432212,0.4813038318800196,0.7143111613832627,0.6347011890199248,0.3144362364335373,0.10847637897300276,0.11804383571599875,-0.03199812157215387,0.14894987265024984,-0.050142274695794235,0.1235613262438804,0.07626751633341211,-0.023508556324179253,-0.6088980179214278,-0.09557121230000476,-0.00013877150685370765,-0.17371182666551022,-0.12681207994125554,-0.3184271748689884,-0.3656392570405807,0.09695473614007444,0.7138371689628951,0.8307171604048769,2.5895149465698846
8,-0.1478573452088927,0.33605975293471596,0.6000515525137722,0.5965888795404872,0.3515498235980825,0.004923396981876493,0.02062184306134185,0.001683442459935236,0.08816805293227503,-0.009874759428177171,0.04915579733316466,-0.013362343100996377,-0.208327598067422,-0.6137096161612661,-0.1563503148918528,-0.03603145664132423,-0.269882599689522,-0.17405686179664492,-0.2522508259707523,-0.40790173193211293,0.14113491112108356,0.6786947542232973,0.7523425582025061,2.499482559025748
9,-0.2313329678493252,0.08108676499628675,0.2595053800568685,0.3448492967551795,0.18582821978561714,0.028445837384111883,0.1836716634001645,-0.00838587274849889,0.06029358832129982,0.00853154728285066,0.0515555272478343,-0.028184441383677594,-0.3068801786831452,-0.32820595252426266,-0.024497437273147682,-0.2015224140172656,-0.33272910990445315,-0.1771212209386963,-0.2491801180877147,-0.4209177057399218,-0.006553587241298509,0.6624696849606222,0.7630628558381698,1.9395857188487176
10,-0.30104944244690035,-0.2941732696653565,-0.2100488236613032,0.19518932101065098,0.2095746017480744,0.21125044392200554,0.286354672657569,-0.004295884390506544,0.19448120525591064,-0.015173630248242809,-0.007459191361975925,0.050932325291491054,-0.4330778416086361,-0.367029770836794,-0.002998441108041483,-0.10116806164819003,-0.2489412087790903,-0.2505927128358465,-0.14479762539405885,-0.3249243407609441,0.02219353675106284,0.6976091202125598,0.8269934690270259,1.1080436922165493
11,-0.371030059533684,-0.3848603631099588,-0.11673957013533175,0.1744627189360921,0.2382461867979941,0.08109962464802134,0.16883706840673174,0.057686364986375686,0.1315533398573958,0.06708842983723606,-0.03303782642031994,-0.04338497171931355,-0.29403777380923746,-0.4065325880233184,0.02504536005133406,0.13144096001159067,-0.28532655476196034,-0.2617571655833837,-0.21631109441794735,-0.1894833839759693,0.13652169209996412,0.593653096221737,0.9586142850791646,0.5826821029520053
12,-0.4907402319394088,-0.6102948764889726,-0.08496632964779582,0.2425915842581405,0.19716787492308985,0.1675287278295281,0.18150748632359548,0.0245214273733696,0.2235826431386254,-0.019003924955414142,-0.13882494128845035,-0.06829730175290383,-0.2947239238414934,-0.2095720957196887,0.001752998085591706,-0.024377845827772585,-0.2539566308405874,-0.22064132754103927,-0.30625267626518937,-0.13365987657409306,0.10128739609809312,0.5580476284054869,0.8741459299540928,0.3176085153590309
13,-0.42434758615579504,-0.7021337314858584,0.10513651963822568,0.2751451993362908,0.21351476629721589,0.31267333388782426,0.20843532370307027,0.03487641208511416,0.054830973094260216,-0.0923533848495035,-0.18981618278289056,-0.08986410122257737,-0.2345482386130353,-0.34650299343489976,-0.0283256486613217,0.02070087609921334,-0.20655583357637752,-0.23272254859593836,-0.33374004345824737,-0.1171813932369128,0.046709447198185934,0.48301010980834297,0.6844571653325469,0.01951656980692018
14,-0.3728899262535403,-0.5077099892121328,0.12592628924016314,0.3637080287073946,0.23066121553811225,0.3575440721773857,0.17802591742959795,0.032078179182287066,0.07677472344652525,-0.04200640267044253,-0.2624520243938377,-0.12343126226709965,-0.2771703004023154,-0.2979847143283845,-0.02865508067405287,0.034413986826771215,-0.2037562815047087,-0.21983819007327288,-0.3212539104057557,-0.12130302956394255,0.015548157654374785,0.3975413844129436,0.8182191111790047,-0.07037110735195372
15,-0.2971171233786221,-0.3430814281700529,0.16813315088290004,0.2207276039535984,0.29136182428402524,0.1737483536810629,0.1508174006163907,0.08832318289016873,0.13051270011338012,0.003871715036812162,-0.17527351345747366,-0.13535044918176808,-0.31145040672472035,-0.3095477395384698,-0.029151618487794906,-0.035477892934114415,-0.2150199763895504,-0.23100671466486575,-0.3330814251125336,-0.07797484039522208,0.0455036506067712,0.500899288738986,0.8744291696947775,-0.11009897250601153
16,-0.2448001924856831,-0.2339852514646177,0.19701685646483916,0.08039132412604566,0.3687574527570128,0.2818658350496346,0.1717873599944122,0.17843330027989346,0.1373545293307732,-0.08273382684673257,-0.1348697602827631,-0.16801474080875778,-0.28922922301422194,-0.3715700077422337,0.006172680128847753,-0.1789441033274981,-0.18784472112935455,-0.2394693419660721,-0.2761670688029785,0.0005206073253143373,0.0073421208648492,0.41394945664519606,0.9617740755094976,-0.172143497000385
17,-0.19323648016267025,-0.26829888058851736,0.15858456801319942,0.33201710497870884,0.4212897995367593,0.2472150805252511,0.16648341118282595,0.09666427098490883,0.2658918550928249,-0.18497403553577385,-0.17540714465906682,-0.16697637895099324,-0.2800371041829379,-0.3948912527549657,-0.04564072318922818,-0.1992594089159292,-0.1384469203196046,-0.3401386865419358,-0.33679492436712266,0.0111812502301456,0.16052459606983496,0.4253644641534153,0.950130580241458,-0.23340207281400185
18,-0.1688481120986811,-0.24082516475877916,0.11831339162174805,0.3718025633029097,0.4496354746473568,0.017413833513233,0.1563834599610665,0.06637645175403861,0.2422609115340251,-0.1626557296561364,-0.15470001746463424,-0.18060293250737747,-0.2793796332514784,-0.4220183277737641,-0.113398512904495,-0.2081696824613264,-0.10255597592006628,-0.40775932839226936,-0.29270051984080503,0.015629616202776475,0.1788219266309099,0.3665218890207811,1.0116610760388252,-0.3018525550153255
19,-0.1400043081397344,-0.07235573506227944,0.6033440218299368,0.3458460809829438,0.3991812753723405,0.05772647749582927,0.22478950150605392,0.06400303909842009,0.16820701658096215,-0.10881765235695616,-0.14657929823067306,-0.1812646552088122,-0.2926737773558337,-0.3113899855277751,-0.09720752976332836,-0.3403724562567607,-0.00971372831321915,-0.38211314828430254,-0.3447238055023112,-0.01638850499873712,0.07762709118673694,0.3321386139640001,0.747054077206105,-0.3649535882171016
20,-0.1435330803570869,-0.20301053540443625,0.4304181474408635,0.3962293273652371,0.5206431322894121,0.21872102305571686,0.12724143345507155,0.15045600595451702,0.0017930302521387274,-0.12238689651591628,-0.20567279126189494,-0.14238127207225215,-0.3692784987109592,-0.4440633039563275,-0.13052586298444258,-0.33424937835667023,-0.08631344979053956,-0.2824612945975033,-0.4712903217430373,0.01819489342637759,0.0697083021598015,0.4358535526855478,0.2687543963553951,-0.3601432308016097
21,-0.17998071486760647,-0.2776519080813582,0.3217165297989553,0.4147441035532413,0.4883310236979304,0.1979580359092301,0.13287591906145654,0.055602326213142206,0.10303758688925058,0.04901867194847398,-0.16992795687654105,-0.1837763456366126,-0.29828541106101625,-0.34811184210257284,-0.15659399776861171,-0.282399031155272,-0.07609861636454962,-0.23361596097159065,-0.5277867944904138,0.06865829258102618,0.1508755404013451,0.5095841596937838,0.04991028332116265,-0.4042299876596056
22,-0.20986138985046487,-0.20257212432708996,0.3105800505233898,0.2516038160531391,0.34132853565542565,0.16125571809315264,0.1897267631817572,0.03201798786538923,0.12446952312458935,-0.0164221766661079,-0.1841294332214467,-0.15733773679145902,-0.22449192568164025,-0.21764638291739047,-0.1635593904671362,-0.26552588393186216,-0.05090817553183502,-0.30463674450273004,-0.4840356881885839,0.0734063216381946,0.04885696394130523,0.4027914297427619,-0.1005930701634643,-0.35626896504320626
23,-0.20111034132343253,-0.22433876062646885,0.3643213630630733,0.2457995580996668,0.2613908873710073,0.28826380584389,0.2557570300518712,0.12925729055239188,0.11236759394858352,0.012608221721335687,-0.11983076373430634,-0.1807749136408967,-0.21218162896835224,-0.3952803598593251,-0.15261873328701547,-0.43428715444508015,-0.04092115865377632,-0.30482881909025483,-0.5293282310013421,0.06913094529944175,0.0982256243863624,0.3625243551519128,-0.24547684185625496,-0.2603887030690073
24,-0.1982295423091092,-0.2115476822752358,0.2705631414719045,0.4430258179830275,0.286717481763044,0.3423745137244767,0.0873553063061312,0.14326630269482354,0.10956144614156482,0.09819854225204684,-0.18508639685785244,-0.1980390602297959,-0.23193774719539384,-0.4000642469961537,-0.2337638628183907,-0.4035439499451829,-0.0447356091508313,-0.3773690950573476,-0.5460844039586554,0.0653203293079585,0.0925615328437468,0.3704864678729356,-0.26796317818938586,-0.26765649549889314
25,-0.17101502398743396,-0.1540440268712553,0.11940200130781695,0.3112928843512597,0.3722498944295234,0.22409051384720247,0.031858407133364075,0.1819203781864056,0.10879718025993146,-0.013717234897194786,-0.20798269893994625,-0.11057297059373372,-0.272185734481468,-0.2909553762773749,-0.20251622557286986,-0.4760504633823297,-0.1641875020028003,-0.39269256352881055,-0.4417678367254574,0.13780614861418794,0.1884586559532853,0.28762988450094,-0.34914662970357746,-0.2276913898737858
26,-0.1182333794091832,-0.12094814307696387,0.07272491319343287,0.017762325502345355,0.2088239250745456,0.0635151903892277,0.09094488043718484,0.1361374385479044,0.2789618378372607,0.012028932926090086,-0.12650470398049762,-0.15063066389504076,-0.289431715433925,-0.3263387952157544,-0.2632656341304491,-0.446884075819133,-0.10791333913424328,-0.2519786661985144,-0.3126801493035005,0.16054223539949494,0.10131116231645708,0.4547699944950301,-0.3640238780775018,-0.273532131475255
27,-0.07693936472106433,-0.1702260653372223,-0.05299337822023098,0.11985822130066648,0.34115644384941657,0.13200599664595636,0.0621119076588732,0.07322838653826302,0.21527673903308386,-0.13033761832206014,-0.11738797398377356,-0.14958988609590573,-0.17065297437077742,-0.3322568295069113,-0.2150563722041765,-0.33556771338527724,-0.1079514795540666,-0.2388812523513275,-0.41500281316272497,0.1495993991376654,0.045840264389195085,0.4537665571621421,-0.3877536506991683,-0.3696702373712535
28,-0.03900669983924576,-0.14829038418244078,-0.20870206972945216,0.08553613308504282,0.2773946207610276,0.14666846801835653,0.08125378820682537,0.09323263971653263,0.20774038168217854,-0.06264901907429721,-0.1096242418982918,-0.08885354280661595,-0.148897081002195,-0.2860965369611224,-0.2636793191857105,-0.4733767341028807,-0.09607237376863953,-0.2615689493453885,-0.4182549560532802,0.18540786724652047,-0.05019668382126774,0.5392325122636068,-0.3596070900053281,-0.3955831219551245
29,0.024703586037219342,-0.07430144940529715,-0.19946084378266613,0.06754497349890531,0.054749595890511316,0.09343921951304424,0.1260007689046061,0.16779926999087458,0.1301035053325288,-0.0284946171397662,-0.08724865486961343,-0.11533037731954646,-0.12109788392011556,-0.3212857270411629,-0.2302521763029901,-0.3548255837225476,-0.0324974969234324,-0.2961085821979204,-0.4235237690985985,0.18864576814699066,-0.0024965454928160824,0.8680068663765441,-0.3985790269121221,-0.3726156426022085
30,0.12504407188190747,0.009022893649260231,-0.1879783496012104,-0.02250360668304463,0.025905340058399062,0.0716132358414523,0.007286149804127006,0.2566519825247342,0.13775815126099467,-0.0876344727260614,-0.13680953438812704,-0.18487428532457614,-0.16730489818478755,-0.344947036829641,-0.24748361759463225,-0.3635132887832686,-0.02090736615748145,-0.2901559969566412,-0.3627726650466743,0.13349309085655836,-0.0133518995466817,0.8472037187296362,-0.3307842634597877,-0.3662386065148704
31,0.11999006128305735,0.02125199875207517,-0.04895854199190364,-0.01957627149260244,0.06701457156020396,0.10640976314802764,-0.05158615705335468,0.15117478787107252,0.12699320201990896,-0.04807361264380994,-0.13814659265279516,-0.10357665215324108,-0.1747925551070706,-0.3218420174676257,-0.2120218254055919,-0.4330432754395197,-0.04927422124104108,-0.2693973405054244,-0.3143176561963621,0.11692367525706705,-0.06681784137926794,0.7457727192230843,-0.32710359850476944,-0.25910750754327605
32,0.2526447625078072,-0.007941428607068701,-0.17877289739812507,-0.05491665171743332,0.06405897939218352,0.1465634461619958,8.847845505322027e-05,0.15936686499017672,0.04393288448587995,-0.001230453253211472,-0.09293546479051873,-0.1461836868081141,-0.14618558850275232,-0.3234711368766812,-0.18040828905391493,-0.4308428436047729,-0.042388880245336935,-0.2539118043025299,-0.3637278638354813,0.05472514350812574,0.020860969175597432,0.6121246111504233,-0.3428664989079531,-0.27932655814019114
33,0.312074303554998,-0.08459693368871335,-0.07086697579457102,0.2511404152505765,0.06979306525602348,-0.026493413395983545,-0.019718243997674637,0.2221761381771019,0.07471469521260142,0.007121700787806162,-0.11334155210669385,-0.14113644307087014,-0.20546371514648776,-0.36240256227564505,-0.2986496249992543,-0.5496521058966328,-0.022215146139714648,-0.2049920352888419,-0.35636292316293794,0.07835816559932685,0.11901260545898927,0.6636335969850657,-0.2826172297337335,-0.32344883253282664
34,0.4022054294712225,-0.016862343355104947,-0.2226508143486452,0.052072431172141435,0.0672449597352438,0.0575325889984537,-0.033328542694774484,0.13013683848789892,0.1419897156257024,0.05412265802131877,-0.1003177861517912,-0.1565578235403633,-0.19566552707934548,-0.31752115897784616,-0.18968750447233693,-0.4632791942834604,0.02778655835115273,-0.1972168163577308,-0.34397800452857297,0.08442136095009545,0.151411405526221,0.7112346596707537,-0.24156632661386546,-0.3039438253316682
35,0.4671492083539448,0.0054738433296108715,-0.2700792037810995,-0.11229782143340472,0.129822317441179,0.0858116918514158,-0.04762745474964536,0.02845527073680376,0.09572918056206704,0.07590052656142365,-0.03553948720481958,-0.21575505565297529,-0.1937188269033792,-0.3741635422952152,-0.18178315805901504,-0.35303653868090995,-0.04334508628222356,-0.2679515625340825,-0.2811879536997548,0.0821455144753882,0.09815333484030296,0.8039568514237816,-0.22497368431395248,-0.3167770388368041
36,0.4567139783464711,0.040600464270809766,-0.22587143525540745,-0.12065960655507355,0.05372314195976191,-0.0452160769125749,-0.09918418211552726,0.14047078802803448,0.1133595539124208,0.042580500548667466,-0.14269893472493855,-0.18675904260476808,-0.07962500362113989,-0.2690363016299724,-0.2689888363041826,-0.4181593495671079,-0.030380100125101176,-0.2091834760275484,-0.17892935641241706,0.08612845637817568,0.016087651228653854,0.5415196755661178,-0.2357653538268112,-0.3631282371068201
37,0.4387254536747447,0.12811792313855452,-0.3582468742173983,-0.2978370967977986,-0.1069519289369092,-0.059626542941941814,-0.030961414537872045,0.10736985590728754,0.03639317361173866,-0.055579842978182185,-0.1655449690933697,-0.2520891446830511,-0.06381540052994339,-0.2292422699822261,-0.2532070821819392,-0.5218174918521541,0.018554516316876324,-0.21122062491590746,-0.10348575061859844,0.08591500837039058,0.09622425590856754,0.23014673586443826,-0.2450086426451934,-0.33041513136074663
38,0.3693835742150649,0.1773939128021942,-0.35501458978346445,-0.3046926383956956,-0.06230738795256485,-0.013174035107801352,-0.00017220504502724054,0.1901847176526834,0.1040107737881506,0.16305974451977345,-0.08094855897433284,-0.2789435889754843,-0.12293813780505758,-0.2053239379355656,-0.2652578631249396,-0.4458500704857338,-0.004374650150571036,-0.2679299088509648,-0.006517351608509968,0.12626178237039198,0.1454883970425147,0.026843589065624233,-0.365581177419906,-0.27936345758178405
39,0.3343502257581976,0.2387427838179885,-0.41927467086292936,-0.3513610795278037,-0.18287916779218616,0.003567840153498203,0.0159022514668532,0.07666153523334795,-0.007311051221689623,0.18204336979910352,-0.037784487476159256,-0.2629462982752626,-0.18360282288721666,-0.33533102127221515,-0.22751894986970897,-0.33569265003245263,0.0437911291651627,-0.3238447331994774,0.06532694156885377,0.1736490243250879,0.16586927333378654,-0.13114369238788906,-0.2984856460657843,-0.2932224652175597
40,0.27050182969171743,0.18871010809978106,-0.3002054230599187,-0.2271618203804477,-0.091520781600944,-0.03564329805170363,-0.0325216624666993,0.09168955484550788,0.09530450574164197,0.2757289765134514,-0.07285102953870393,-0.21211155969555492,-0.18678861634017171,-0.29796285192488714,-0.2063154914936538,-0.4861014270581467,-0.0029831764433492225,-0.3205415854146736,0.13244745761615204,0.2402603608276239,0.3475728279917476,-0.2532909119314448,-0.2945052740761387,-0.21568000600221016
41,0.2067261068611117,0.08346985857786304,-0.387481879554568,-0.2393666669896453,-0.188273224303388,-0.026963214471536826,-0.02488943752630135,0.09379829694804176,0.1249536817991439,0.2619844991011551,-0.12149241474352655,-0.2589294985083601,-0.1698226286131348,-0.2137330528794923,-0.3094896205244177,-0.4314701113139048,0.0036820990811889938,-0.3667944823658642,0.12430925087714595,0.2803061899283641,0.4539167398599631,-0.3493893828720536,-0.2357424960674477,-0.1671506712819566
42,0.14178397983857494,-0.11968204432197906,-0.3916949185828704,-0.3104176587646741,-0.16574753094979666,0.06337730454064339,0.04688147936042508,0.08388190010294583,0.03728098280111336,0.2647273784557349,-0.10741901424813438,-0.3068406696262507,-0.18772336572599446,-0.2565958135904243,-0.27914119298680706,-0.3854254529332026,-0.018716691128227936,-0.37654072906557534,0.11311503966653015,0.2259424528149383,0.4742501081892767,-0.3514601758828029,-0.186814902694084,-0.13435932852413845
43,0.1660983159722047,-0.043704439403122734,-0.3594009212488629,-0.2978825658416788,-0.23516923902696615,-0.07028712475080479,0.005668766183877239,0.1264998088111211,-0.038984918493439664,0.1939345919041404,-0.10845251256705256,-0.33553501036133504,-0.2167290289833161,-0.29289571098511313,-0.30795508158721496,-0.3973740204462671,0.038741068145772495,-0.40989931320573536,0.12332297912211933,0.16645406746718286,0.6178595964113347,-0.2962643534515479,-0.30595572956699346,-0.1344838235372201
44,0.2674204134021725,0.016177730002118196,-0.4076351756218104,-0.2618724029845678,-0.2350362615005777,-0.05451086961351592,0.05947985172324355,0.12265822739669208,0.014619927021392696,0.2094834141038016,-0.04893761871049751,-0.28335904986411986,-0.1787416697613322,-0.26936637762277105,-0.3344305100644176,-0.5139673398991258,0.03819959268604745,-0.4478704806191525,0.028753111192012962,0.2347147567084509,0.6581050544734808,-0.257339319065677,-0.2938998644105535,-0.20410332245996526
45,0.3679763153690905,0.056818111617782385,-0.3632204169771303,-0.336519369184364,-0.292297353430623,-0.06714372957745418,0.061488016029063175,0.08450219618801125,0.16974778690449274,0.18418990086970236,-0.0556516839312744,-0.12164230906070995,-0.08963478015594095,-0.3153791808869384,-0.2272943841074921,-0.4385471887496726,0.020056528282008657,-0.4741809074188907,0.08172041862843749,0.2884102501957049,0.4400646383388418,-0.3979389350751292,-0.28414234068555544,-0.21511049462942375
46,0.4251079506816282,0.023685900838071202,-0.4198978462265899,-0.3922300351204289,-0.3465051641254844,-0.09611129159453567,0.030966636771287526,0.03829877767646917,0.09876744851068064,0.24652361274871734,-0.11454686299884732,-0.19284954439917,-0.11494983745481854,-0.27409877451348663,-0.2089659335251559,-0.4094401576834015,0.027716409892733832,-0.4317777609169609,0.23998898867470864,0.4147711365646885,0.2964184341088289,-0.4958913162451406,-0.2797907942547431,-0.3226629619765076
47,,-0.07911291958981083,-0.4543603163743306,-0.3843056731553851,-0.19330494809095544,-0.0533633930400379,0.037891224838706,0.21225930004388527,0.05603893702790863,0.21437261057121584,-0.18366131664169405,-0.1941558915117412,-0.06365591890466238,-0.3524839060755696,-0.2883192931936369,-0.2984110706890126,-0.0019892215217032216,-0.35476619269236576,0.2491406324327947,0.5120148563458002,0.24644313178746116,-0.4841746565823408,-0.2465540166153293,-0.26620934093820825
48,,-0.17332147803866782,-0.4404142431813858,-0.3273128845811808,-0.22261272900877405,-0.1068794984828223,0.03510695239294037,0.11760675612613893,0.0608468829772395,0.06962322910655505,-0.12761041362542702,-0.07648866556592537,-0.07738633763340362,-0.4037022954784932,-0.2650770500434403,-0.17971570976470108,0.016049809513569713,-0.3607803181425568,0.2623775315140673,0.7108061586469603,0.03816810111129243,-0.4054888562831165,-0.22382923223405093,-0.2780673879945086
49,,-0.12064001625119047,-0.4661169371812228,-0.210807146697948,-0.31131597679184075,-0.11903997506333665,0.016093481606428206,0.08640407482000434,0.004499811387117525,0.16213061177905352,-0.06981284260559839,-0.08182007110624577,-0.1134791129239332,-0.24663012578383905,-0.3145202217360836,-0.22960703413640984,-0.008625887604179816,-0.3405231869528613,0.2344396842181915,0.5779473408604456,-0.09547218346854258,-0.4994777727297928,-0.2827596933919665,-0.2969410816884945
50,,-0.10139003461466077,-0.4640725351473201,-0.29922117012145666,-0.28266442757857835,-0.1316228470924461,0.0010455411737337883,0.09680978159054464,0.02542233963129448,0.22172983156885007,-0.11197112005799337,0.01973855079007869,-0.15618114155194718,-0.3366355193936883,-0.2601492555052287,-0.3514190634105985,-0.04809951086551312,-0.22986065720154336,0.19550506958792635,0.4790419904317576,-0.13648352613493842,-0.5065346502282209,-0.2316719169640349,-0.3078701248034559
51,,-0.1182821707560926,-0.4652192382740088,-0.3421081843339424,-0.23086115741281965,-0.1588578345742917,-0.10304014403228212,0.12220765682292888,0.06960701054514651,0.2688425682429596,-0.1285761186700869,-0.036141846684486716,-0.21892694794154988,-0.28723571907811074,-0.26453150241555434,-0.3055418612798073,-0.08914369136258049,-0.13545114703811567,0.29018088115895324,0.4149616722597633,-0.10542655643655596,-0.4728954999795709,-0.17397543329613008,-0.29281535307129225
52,,-0.13881880901439825,-0.4421271919478525,-0.4992798260624678,-0.382323909278302,-0.09333441227337502,-0.07577993117901016,0.16585212172793184,0.08927497476997104,0.26577605162720186,-0.040772601865174174,-0.049570584200183454,-0.1551692749191318,-0.3328879834916769,-0.22557150007766855,-0.4147924847686646,-0.09150624549850583,0.08876738040990517,0.3548470023262924,0.3532005295202616,-0.20051291815781624,-0.41405685765399625,-0.21286571765219708,-0.316691004428618
53,,-0.11559684672000435,-0.4472144424873212,-0.3897364825010055,-0.4126867292034673,-0.21440477886803944,-0.07441214095028315,0.0979744526991464,0.0479418095589379,0.14751460377774084,-0.030556918865754845,-0.09295215261044998,-0.0715667530686055,-0.2288602134642108,-0.27229626590431977,-0.4736825008875156,-0.09670302818829324,0.12445508002050598,0.4247017547149712,0.2863176712968301,-0.18465575771366985,-0.40305518922706174,-0.2834504373144409,-0.31713614209036844
54,,-0.2095779813841494,-0.4693174787256469,-0.4197885701006223,-0.4897787751491087,-0.21579904122239932,-0.056367330336150274,0.012713331431310593,0.009147939756845249,0.15081294795089573,-0.03343933393054943,0.007932233822572243,-0.10026494196941993,-0.2765900511999764,-0.3131093602452681,-0.3602496846966483,-0.11227042672219144,0.08972180984517131,0.3974656093155975,0.15839204129883733,-0.2258463875633128,-0.4816911663478267,-0.3167458237000558,-0.32588916624966835
55,,-0.26948465265459376,-0.4537071289672783,-0.3645536854321074,-0.6606574555149756,-0.24945624022183036,-0.10882161622904718,0.01915124145828795,-0.008149266655938625,0.3791667962142471,0.07452193783774064,0.029694057231107074,-0.05220113261296522,-0.25654828536707885,-0.2758422314346314,-0.23697883896125396,-0.11619347579064332,0.1131738913879321,0.42278178344753226,0.1862497206974476,-0.23154627267299155,-0.4554744245644944,-0.3084659975444364,-0.31156761091734264
56,,-0.25892372479633785,-0.411096497632852,-0.5932414623483497,-0.42975627629586205,-0.2636440734394441,-0.07705029600051816,-0.017733962639624682,0.07178560973439474,0.3181711903519,0.07436946966111703,0.1150780602898358,-0.08446282119537417,-0.21478370978863914,-0.2841280312900185,-0.24167056387956176,-0.14508502099505272,0.18265074435217432,0.3808077019786813,0.04356530108509915,-0.1606563441797446,-0.4577373236592637,-0.3731562721132001,-0.3127257779827177
57,,-0.15361276855965755,-0.4177152235545929,-0.5957632145373521,-0.4078066830623319,-0.15682162329003635,-0.09176328157307624,-0.08378896585724238,0.07673603074230506,0.2255316256403645,0.029237997318813488,0.13719948596849196,-0.16288866314097294,-0.2534770651148541,-0.2203700677756535,-0.15163021769454946,-0.1796163742953043,0.1808982058789539,0.3968742057344024,-0.0050024255012024454,-0.2290251869667408,-0.5075274713354085,-0.3077624667179553,-0.347426848831871
58,,-0.1869451447119017,-0.3644106713144568,-0.4801003118774041,-0.35281369940852336,-0.14576564117519286,-0.14241297813313558,-0.07547526979752472,0.05399918920211366,0.2115200779053783,-0.015224039179183356,0.06916208897931675,-0.024949281178319186,-0.2796594319377732,-0.3244147833153965,-0.2817547786673709,-0.1814596707093168,0.2395950758043224,0.4575141036422501,-0.02766540726472311,-0.25169763667673273,-0.4736853377827872,-0.343646651817922,-0.27408276447907465
59,,-0.056335725367380185,-0.36753203540559465,-0.5050827481166351,-0.23736483673799924,-0.2531603777259388,-0.11874908077831135,-0.10090198160425867,0.03765429590144631,0.2598408187093808,0.07715916750344398,0.13230579416933266,0.08207951687790516,-0.32816211862343797,-0.22711969649051775,-0.32206876052640965,-0.2721353089405758,0.21179316997817746,0.4965706501603711,-0.035582367902583734,-0.217768381552772,-0.5202468746443998,-0.26346202080101744,-0.2640252571930155
60,,,-0.33253230903406195,-0.4759669203966199,-0.28049573967127817,-0.2865053053938791,-0.07100814035163694,-0.038522015227087536,0.05426061753244138,0.30547089206851386,0.08321412605485179,0.2590979787480228,0.06401736067959618,-0.2937848747681482,-0.3249292898264766,-0.22980111860523955,-0.28481033501912023,0.18123971939454986,0.5670394554661211,-0.11049632356476023,-0.17349250175433628,-0.5227550811063182,-0.2939560981146689,-0.30320648441114706
61,,,,-0.5947088038443873,-0.15912836971757116,-0.1569337004346547,-0.13661164872795786,0.04433513767973185,-0.007552798801469862,0.19516848848368615,0.17603234567849846,0.03081888356763685,0.0656883735865641,-0.2243168758283316,-0.3031326396097045,-0.3157138769960577,-0.22922929924747584,0.3006421387404359,0.5465521664298274,-0.12341561870664107,-0.2228517058822428,-0.4971315532988889,-0.3614137275453793,-0.3388383478225485
62,,,,-0.5759074698441404,-0.4531976268526856,-0.20505584436689614,-0.20796705890858647,-0.06638737782825642,-0.01807126113264168,0.17233596031944656,0.2819843256251646,0.1385539656968069,0.06539839088426813,-0.2483627269195603,-0.28924997830478993,-0.3614017870425448,-0.2694097091237513,0.34305435556407904,0.4522351593443314,-0.18628168884581875,-0.28216888116954664,-0.520867102931553,-0.3669629296799384,-0.3188499084831786
63,,,,-0.5746509665489574,-0.20385236445105012,-0.12798880727262407,-0.17938543703785206,-0.1043858596341014,-0.09805319543362057,0.026173428514995045,0.2417098582138104,0.08656291487904078,0.06723595349921574,-0.14071910448333913,-0.2662135511266301,-0.2608771681542974,-0.24530790934657354,0.41660152619650415,0.4258298323884544,-0.17418293735952073,-0.31181850155850555,-0.5282229057713099,-0.3535665345352834,-0.3071847977428437
64,,,,-0.3911040711653104,-0.21197814440730234,-0.1445957794327697,-0.09441024194259208,-0.12390829565649852,-0.10706195017524056,0.0007173001176914441,0.19328910180408432,0.23589417155431924,0.1346250717367452,0.0011569624092011563,-0.2554980366754016,-0.283270048283522,-0.1444030705245103,0.4173932097764119,0.4241451310956643,-0.1686372757599779,-0.3297266102967269,-0.4829635663534875,-0.3495067501250162,-0.3020030856320481
65,,,,-0.554879285477508,-0.06456908407136819,-0.1716084279187342,-0.21576188803772745,-0.08906280808341549,-0.07340054465864299,0.07715877541139092,0.1830724637185588,0.28700411203372145,0.14863212166151565,-0.02399085331092543,-0.3607086779087512,-0.18123367768740373,-0.025816552217901467,0.40403881340636616,0.3788236780072207,-0.2482960333498241,-0.3168899660260749,-0.5513863796267193,-0.33038674805009194,-0.288901402838456
66,,,,-0.7421720171200628,-0.0068779225003572355,-0.1574382944262167,-0.2315923185856477,-0.14191089530245635,-0.1838447268380694,0.04938862598482796,0.13240802831972776,0.19009436880933173,0.22940761166138746,-0.017591526378358147,-0.3303240708362827,-0.1540446779425917,-0.023675809013268708,0.4359373032277798,0.3978897042261131,-0.3095124305509485,-0.3301357431149983,-0.5293471031274626,-0.3621358054077888,-0.2182613038579282
67,,,,-0.7304748219633463,-0.14057584611424725,-0.1721386797341804,-0.1878886136892417,-0.13960589689924596,-0.13916023850823755,-0.11906050232959052,0.21825122235752747,0.3654087812881981,0.18911844025367494,0.01941689734267626,-0.20228229892754607,-0.21290718836933387,0.03668819449737182,0.42324938738063,0.28386366035308264,-0.3189865475348608,-0.2964609345084801,-0.5808906517892645,-0.327288072130111,-0.21885306612162925
68,,,,-0.7208508680669476,-0.21945429163068653,-0.2533449047646865,-0.11868172682660295,-0.07502558803999637,-0.1983041772967056,0.05493214919736822,0.295559651736677,0.3221636275869031,0.1869973891454144,0.05331575490389362,-0.15650043835936156,-0.07082917199000871,0.06579818391050107,0.42180367840526856,0.3985009408387716,-0.2919952742577179,-0.2868615021805123,-0.5519107413458375,-0.32142808509254017,
69,,,,,-0.11763442022139525,-0.202225939021738,-0.09315277957350164,-0.07371729120122428,-0.18629503382348034,0.11372318277722915,0.25380938475636405,0.2712574537769035,0.30673597436687583,0.0456896593758982,0.014346839549117972,0.027656795484728214,0.06926952738830218,0.44809390243036695,0.3423704851655165,-0.3278280114846837,,-0.5340866546365417,-0.29173209471809525,
70,,,,,-0.044250174772051835,-0.2036776553368682,-0.10354871121832154,-0.05886451778808066,-0.17432082311145616,0.13896917659092267,0.2561171657915722,0.32940247818332136,0.13916292127760865,0.07728356016407467,-0.050802696012163466,-0.03988915425816053,0.19694320258227727,0.6087564564070682,0.3079438126401719,-0.30764568976605666,,-0.5900139767162251,-0.3254978839314475,
71,,,,,-0.25268745707651963,-0.2302123362020474,-0.1826816455455562,-0.07181686071833937,-0.22235107036960144,0.10926572917189237,0.10970756297684757,0.3403171314190425,0.1633802492030929,0.2598117375857134,-0.08235233251508234,0.13770597817039842,0.15327998120443986,0.6910544174803022,0.3289477843277861,-0.31020583699976445,,-0.5422766023070862,-0.28867094312188435,
72,,,,,-0.4247479945057675,-0.1938689172682384,-0.07427693034324799,-0.14565642304474746,-0.1421503265878723,-0.010408819367561328,0.14089492260883674,0.4631711672633436,0.2767533081588791,0.29932405533332673,0.046331600953213765,0.2236124987871708,0.2357272948252636,0.5644030243223046,0.2508433613613388,-0.3979443296575669,,-0.555903118111635,-0.2826172297337335,
73,,,,,-0.7544629780279442,-0.2110888828838995,-0.06259165021182778,-0.07330686959459154,-0.06761241311287236,-0.151198780856709,0.09642098430826708,0.4465886332425866,0.21994500377372986,0.4122761743408079,0.12882275240561736,0.4100187628357093,0.20589910055038366,0.5427119317281415,0.2248195819700003,-0.3748131395115166,,-0.5691325491327737,,
74,,,,,-0.8399763792743711,-0.17362461085001968,-0.029235871553926707,-0.08605887762816078,-0.14539900465464586,-0.19183965714514795,0.17616650451061397,0.4495211313937286,0.25507405801521,0.4231702091794789,0.17257438300557926,0.5393676728567902,0.2533726821174485,0.5189086360908224,0.25080942138608364,-0.3498671745553992,,-0.5533181107050273,,
75,,,,,,-0.18087498574745364,-0.138383251261609,-0.11468531664293467,-0.1530471029397118,-0.15971433090217602,0.21535456182554924,0.3476772763229468,0.3791371664046324,0.2841186724808837,0.22088228752579564,0.4990109223843762,0.3819032943670386,0.5860578667199761,0.17969052484779802,,,-0.5671235488113329,,
76,,,,,,-0.18566929515416145,-0.022787280847905045,-0.047881518286735585,-0.16571436326299072,-0.1823498005964668,0.2330503550383307,0.4489098723146583,0.2387024608326467,0.3467130058192769,0.2364744897383533,0.6850088747427687,0.3990021791023777,0.5559642746727862,0.2388356439586499,,,-0.5047192463535275,,
77,,,,,,-0.2034982624383144,-0.16429204713734435,-0.09681945253640213,-0.1728218256624201,-0.15157785217746067,0.1320875601364051,0.4323500650801879,0.3163937925887632,0.4510787371391576,0.2268096278461931,0.7947073519936634,0.3622846903262964,0.6292327657426808,0.16592577318735025,,,-0.4886582029235447,,
78,,,,,,-0.2361251281527608,-0.1636286691761999,-0.16977464686415722,-0.12743118375726234,-0.0675309569850544,0.16279344162361742,0.4073115646846093,0.3830930800495409,0.5145125922865672,0.2780624925196777,0.8308824472082854,0.3986289451985581,0.5523928547279757,0.1910199715946801,,,-0.5111885418341187,,
79,,,,,,-0.1998964516862616,-0.14899286666825162,-0.11227155601301676,-0.055091445597572175,-0.09162819663956867,0.10540357752367502,0.21293109804010868,0.42417585299297134,0.38727354184032414,0.2918011700376804,0.9302099716764064,0.3453594216898157,0.551265643280014,0.14721346490702206,,,-0.5760457256774787,,
80,,,,,,-0.3256749450501957,-0.04109070228662315,-0.158524020261412,-0.13663766552097556,-0.1868039967947306,-0.022844538599099632,0.24436993072369265,0.3458826458495743,0.5212186280255056,0.40712177427974,0.9535887307849018,0.4535261457209492,0.5440525368633695,0.08361458421629209,,,-0.5634481683783106,,
81,,,,,,,-0.06482692501937404,-0.14275751495366418,-0.10978869742894304,0.1869284055231981,-0.014143167638476228,0.23616858645169625,0.29985638194686626,0.5880435917308809,0.09777401503940107,0.7215737907206874,0.4803636710675842,0.5247318609031355,0.11091796735698443,,,-0.5285437850628147,,
82,,,,,,,-0.09673410048402964,-0.043815301200400114,-0.07757374697794273,0.013174900103289922,0.006550053597951688,0.1975408801530172,0.2839747691561767,0.5513051709047048,0.08051864111708884,0.9493238365807724,0.465030315982669,0.3813772530271988,0.22323469344220204,,,,,
83,,,,,,,-0.1788294156491448,-0.16650351257010776,0.0574964224690877,-0.08739602328974971,-0.043355174800129966,0.15669209887634938,0.34797248735481023,0.4952476381737441,0.3063226582413936,0.8239821966592586,0.4162387503320115,0.3402123852771988,0.2849785639628761,,,,,
84,,,,,,,-0.1919371610021665,-0.13599020463248213,-0.09353484387959464,-0.12523889098066832,-0.10221677259583917,0.16841842768260928,0.31007050348323784,0.5667204109649742,0.32639822272319297,1.0247761345888016,0.35662945499165755,0.17304371268359994,,,,,,
85,,,,,,,-0.21560229086100333,-0.13030395323475386,-0.05194441032643482,-0.1536005304462087,-0.09483479240639968,0.21551497980313966,0.39156910547239576,0.6484454132782123,0.3903612887618984,1.01029791213565,0.4029599614382029,0.19002473731555192,,,,,,
86,,,,,,,-0.3150726236495869,-0.09176542027024492,-0.040617376791544764,-0.18484927322729394,-0.11038665040836726,0.13693320908828802,0.2273892617335225,0.7077800704587673,0.3632207187118803,0.8595734997311464,0.2951535448190796,0.2512116292305233,,,,,,
87,,,,,,,-0.3674390983319311,-0.14532198701550492,-0.006416267457568736,-0.06762152771755581,-0.10979333673120097,-0.012052075462695376,0.15971939513466005,0.6819884923455879,0.2930929912454907,0.7376773856981815,0.3270021097247815,0.2032950612261777,,,,,,
88,,,,,,,-0.4024964858791629,-0.1086708036681987,-0.16267768479240094,-0.3644480810696633,-0.0775412295090181,-0.10848183152377988,0.18720530164194749,0.3989535392339088,0.18076785207854584,0.7252987382081315,0.2793322793187203,0.2024673185279413,,,,,,
89,,,,,,,,-0.1102985465656312,-0.15666129531659578,-0.3041709960096535,-0.03628395398948392,-0.08306860691982454,0.21559283460263406,0.29760125658692616,0.3289354230428465,0.5284882051510921,0.36774757199637703,0.21308906055418486,,,,,,
90,,,,,,,,-0.05477605393529217,-0.2089184152604684,-0.3100145439915485,-0.049384664606241024,0.07265398408730839,0.2192367676161888,0.3386593571975052,0.3734891672431688,0.6690356300947107,0.2174860905439262,0.21828276776596398,,,,,,
91,,,,,,,,-0.14537409556197198,-0.07866277522215359,-0.2817751021552661,-0.07405774400996279,0.0713255097487302,0.11142235329626438,0.1937399021236992,0.3895760111823892,0.4163709291437607,0.1939913822139632,0.16070929848959634,,,,,,
92,,,,,,,,-0.19916878843657584,0.08088187695208228,-0.05072460494938635,-0.06053705377526964,0.0317313837723594,0.12872140194947868,0.5074479031630537,0.304799807420725,0.44713973978531385,0.17738311596465814,0.09001346957891965,,,,,,
93,,,,,,,,-0.18729546496653704,-0.03781977804896641,0.07545116524095175,-0.08908439379796107,-0.18673483240210587,0.17518523126584196,0.5878240405461126,0.2281505093983833,0.22887049937813764,0.13498111603657392,0.19163750623666687,,,,,,
94,,,,,,,,-0.272752250899142,0.037301861692554894,0.03591858358205968,-0.055572939299910466,-0.1122284028948295,0.1917540183352502,0.635611680751385,0.4437812028512713,0.4910847809742291,0.2467338876538285,0.2127255567984987,,,,,,
95,,,,,,,,-0.28407130914028844,-0.016210502448910983,-0.33167186297448303,0.023744978679236084,-0.006204389100838093,0.1176202625144871,0.2599562164298828,0.32460593867493426,0.25481511940738605,0.1782789015109243,0.11715702635601932,,,,,,
96,,,,,,,,-0.25697288256154405,-0.09520350296997826,-0.31577082212582663,-0.040570256436156533,0.025303310426331826,0.11388935428262136,0.3996005761980808,0.3579813220108408,0.1975140712874799,0.0688125707638374,0.08756787548751442,,,,,,
97,,,,,,,,-0.2094942237319417,-0.03501554816568131,-0.18313483288698415,-0.0005108352805969217,0.0757611044250659,0.11019618501291628,0.4324708363129233,0.5622348526203602,0.2650199506968862,-0.023739401370993285,-0.010403507176527604,,,,,,
98,,,,,,,,,-0.1431409452141139,0.12225204667465304,-0.011458149474799841,-0.07204130470727678,0.14908119520884888,0.4085267342877579,0.5587831358619635,0.18650467044530394,0.08003392850004509,,,,,,,
99,,,,,,,,,-0.21167991471035386,-0.04819772511000675,0.034470430617457026,-0.044421600053260235,0.24294369354084025,0.7123162571240238,0.4408681151327869,0.13462999788195695,0.1204852503291427,,,,,,,
100,,,,,,,,,-0.3675371512538055,-0.18227030934050514,0.11402840649621028,-0.05025606383213877,0.17098144518485814,0.7977070155470853,0.19989881716247385,0.7347221663461383,0.05152934811898113,,,,,,,
101,,,,,,,,,-0.47414824061658395,0.1898683285800544,-0.07263424751302773,-0.07639488132701988,0.19693434719703706,0.4847159014984683,0.3261468122792381,0.3173708721780377,0.035987274622446115,,,,,,,
102,,,,,,,,,-0.47910969050678,0.046634110740384926,0.09998261794010244,-0.10056577729716132,0.2099339927359596,0.4519192300819963,0.32892868474619075,0.10863833074191033,-0.12940612819337627,,,,,,,
103,,,,,,,,,-0.4968843362792797,-0.5221973404440083,0.2309571188191049,-0.13775612512861812,0.1875253619808035,0.33226313164544674,0.3556676507957901,-0.0004815407324834098,-0.026166856520127624,,,,,,,
104,,,,,,,,,,-0.7192479187582022,0.12887223820824634,-0.11359728488850696,0.07439351977041042,0.5377896618121119,0.14039764536476085,0.4348955246059285,,,,,,,,
105,,,,,,,,,,-0.621017880441018,0.2241810835984932,-0.09346182503945323,0.06862061899568506,0.4073043103724041,0.2127090851735982,0.4331452095257671,,,,,,,,
106,,,,,,,,,,,0.1937608144968781,-0.08838723472323108,0.044539870110587465,0.7365131699317011,0.30255999271705925,0.10287908380290743,,,,,,,,
107,,,,,,,,,,,0.1222749042491067,-0.14090902992638732,-0.03362389307533942,0.2856350561604533,0.3355353683537725,0.014510367763084453,,,,,,,,
108,,,,,,,,,,,0.050067203672846894,-0.010599384321882788,0.07046035184995958,0.4250404957556482,0.20709155058956608,-0.007785060751861472,,,,,,,,
109,,,,,,,,,,,,-0.07710253881265583,0.10038220045552393,0.7443066472564634,0.2698958917717986,-0.5316299364676933,,,,,,,,
110,,,,,,,,,,,,-0.048241220536867864,-0.07267801659740769,0.42473089823242827,0.04735376949256143,-0.1538936613487687,,,,,,,,
111,,,,,,,,,,,,-0.2806894564333531,-0.024229583653552208,0.4242985773666712,0.14059437474827965,-0.1142853760645126,,,,,,,,
112,,,,,,,,,,,,-0.3005793631120621,0.11005487813227076,0.24148962860027454,0.328844381718552,0.03872194688544983,,,,,,,,
113,,,,,,,,,,,,-0.3053083349808947,-0.03686054701104702,-0.07835451953947281,0.34971501156527296,0.14944331258506516,,,,,,,,
114,,,,,,,,,,,,-0.453853209939405,-0.13200961893294494,0.014256182030156772,0.16377855115422954,,,,,,,,,
115,,,,,,,,,,,,,-0.16710663061562592,0.044890286571718015,,,,,,,,,,
116,,,,,,,,,,,,,-0.08890134357679003,-0.023364191563067568,,,,,,,,,,
117,,,,,,,,,,,,,-0.1428175315831668,,,,,,,,,,,
